{"cameraMode":{"drawMode":0,"name":"Shaded","section":"Shading Mode"},"sceneLighting":true,"audioPlay":false,"sceneViewState":{"m_AlwaysRefresh":false,"showFog":true,"showSkybox":true,"showFlares":true,"showImageEffects":true,"showParticleSystems":true,"showVisualEffectGraphs":true,"m_FxEnabled":true},"in2DMode":false,"pivot":{"x":471.8242492675781,"y":427.75653076171877,"z":-22.792888641357423},"rotation":{"x":-0.05681531876325607,"y":0.9431399703025818,"z":-0.23712141811847688,"w":-0.22600939869880677},"size":40.58375930786133,"orthographic":false}