{"cameraMode":{"drawMode":0,"name":"Shaded","section":"Shading Mode"},"sceneLighting":true,"audioPlay":false,"sceneViewState":{"m_AlwaysRefresh":false,"showFog":true,"showSkybox":true,"showFlares":true,"showImageEffects":true,"showParticleSystems":true,"showVisualEffectGraphs":true,"m_FxEnabled":true},"in2DMode":false,"pivot":{"x":516.608154296875,"y":560.0945434570313,"z":116.5391845703125},"rotation":{"x":0.037774644792079929,"y":0.03745900094509125,"z":-0.0014457153156399727,"w":0.9986161589622498},"size":411.2791748046875,"orthographic":false}