{"cameraMode":{"drawMode":0,"name":"Shaded","section":"Shading Mode"},"sceneLighting":true,"audioPlay":false,"sceneViewState":{"m_AlwaysRefresh":false,"showFog":true,"showSkybox":true,"showFlares":true,"showImageEffects":true,"showParticleSystems":true,"showVisualEffectGraphs":true,"m_FxEnabled":true},"in2DMode":false,"pivot":{"x":-0.9608970880508423,"y":-1.422410011291504,"z":0.2642781734466553},"rotation":{"x":-0.06781990826129914,"y":0.9286215305328369,"z":-0.29675841331481936,"w":-0.21224553883075715},"size":2.666025400161743,"orthographic":false}